-- MySQL dump 10.13  Distrib 5.7.25, for Linux (x86_64)
--
-- Host: localhost    Database: nsb
-- ------------------------------------------------------
-- Server version	5.7.25

/*!40101 SET @OLD_CHARACTER_SET_CLIENT=@@CHARACTER_SET_CLIENT */;
/*!40101 SET @OLD_CHARACTER_SET_RESULTS=@@CHARACTER_SET_RESULTS */;
/*!40101 SET @OLD_COLLATION_CONNECTION=@@COLLATION_CONNECTION */;
/*!40101 SET NAMES utf8mb4 */;
/*!40103 SET @OLD_TIME_ZONE=@@TIME_ZONE */;
/*!40103 SET TIME_ZONE='+00:00' */;
/*!40014 SET @OLD_UNIQUE_CHECKS=@@UNIQUE_CHECKS, UNIQUE_CHECKS=0 */;
/*!40014 SET @OLD_FOREIGN_KEY_CHECKS=@@FOREIGN_KEY_CHECKS, FOREIGN_KEY_CHECKS=0 */;
/*!40101 SET @OLD_SQL_MODE=@@SQL_MODE, SQL_MODE='NO_AUTO_VALUE_ON_ZERO' */;
/*!40111 SET @OLD_SQL_NOTES=@@SQL_NOTES, SQL_NOTES=0 */;

--
-- Table structure for table `event`
--

DROP TABLE IF EXISTS `event`;
/*!40101 SET @saved_cs_client     = @@character_set_client */;
/*!40101 SET character_set_client = utf8 */;
CREATE TABLE `event` (
  `e_idx` int(5) NOT NULL AUTO_INCREMENT,
  `e_start` date NOT NULL,
  `e_end` date NOT NULL,
  `e_content` varchar(50) DEFAULT NULL,
  PRIMARY KEY (`e_idx`)
) ENGINE=InnoDB AUTO_INCREMENT=12 DEFAULT CHARSET=utf8;
/*!40101 SET character_set_client = @saved_cs_client */;

--
-- Dumping data for table `event`
--

LOCK TABLES `event` WRITE;
/*!40000 ALTER TABLE `event` DISABLE KEYS */;
INSERT INTO `event` VALUES (1,'2019-03-29','2019-03-29','기쁜날'),(2,'2019-04-01','2019-04-03','슬픈날'),(4,'2019-04-11','2019-04-11','동욱날'),(5,'2019-04-13','2019-04-16','오늘'),(7,'2019-04-27','2019-04-28','동욱날'),(8,'2019-01-27','2019-02-28','왕교'),(10,'2019-05-13','2019-05-14','건양대'),(11,'2019-08-13','2019-08-22','8월 월례회의');
/*!40000 ALTER TABLE `event` ENABLE KEYS */;
UNLOCK TABLES;

--
-- Table structure for table `gallery`
--

DROP TABLE IF EXISTS `gallery`;
/*!40101 SET @saved_cs_client     = @@character_set_client */;
/*!40101 SET character_set_client = utf8 */;
CREATE TABLE `gallery` (
  `g_idx` int(5) NOT NULL AUTO_INCREMENT,
  `g_uidx` int(5) NOT NULL,
  `g_title` varchar(50) NOT NULL,
  `g_content` varchar(300) DEFAULT NULL,
  `g_image` varchar(200) DEFAULT NULL,
  `g_date` datetime NOT NULL,
  PRIMARY KEY (`g_idx`),
  KEY `g_uidx` (`g_uidx`),
  CONSTRAINT `gallery_ibfk_1` FOREIGN KEY (`g_uidx`) REFERENCES `user` (`u_idx`) ON DELETE CASCADE ON UPDATE CASCADE
) ENGINE=InnoDB AUTO_INCREMENT=51 DEFAULT CHARSET=utf8;
/*!40101 SET character_set_client = @saved_cs_client */;

--
-- Dumping data for table `gallery`
--

LOCK TABLES `gallery` WRITE;
/*!40000 ALTER TABLE `gallery` DISABLE KEYS */;
INSERT INTO `gallery` VALUES (34,457,'체육행사 후 만찬','만찬과 경품','1561529021006.jpg,1561529021007.jpg','2019-06-26 15:03:41'),(35,457,'6월 월례회','발그래협동조합과 협약식...\n회원변경업체 소개','1562031001988.jpg,1562031001990.jpg','2019-07-02 10:30:01'),(36,457,'신입회원 회원증전달..','맥신식품 정석채대표님','1562031113059.jpg,1562031113059.jpg','2019-07-02 10:31:53'),(37,457,'회원사변경업체 소개','복음자리 권혜성공장장님\n우전산업 장지호이사님','1562031564583.jpg,1562031564585.jpg,1562031564588.jpg,1562031564590.jpg','2019-07-02 10:39:24'),(38,1,'8월 월례회의','','1570943473985.jpg','2019-10-13 14:11:13'),(39,1,'10월 월례회의','월례회의전 기업세무업무관련 특강진행','1573132246150.jpg,1573132246153.jpg','2019-11-07 22:10:46'),(40,1,'신입회원 회원증전단','(주)보고신약  ','1573132342584.jpg,1573132342586.jpg','2019-11-07 22:12:22'),(41,1,'신입회원 회원증전달','(주)더밀 심 윤섭대표','1573132419037.jpg,1573132419040.jpg','2019-11-07 22:13:39'),(42,1,'12월 월례회의','신입회원 (주)상경 백경순대표님 ','1577879976122.jpg','2020-01-01 20:59:36'),(43,1,'12월 월례회의','','1577880042797.jpg,1577880042801.jpg,1577880042805.jpg','2020-01-01 21:00:42'),(44,1,'2019년 송년회','논산 노블레스워딩홀에서 진행','1577880172733.jpg,1577880172736.jpg,1577880172737.jpg,1577880172739.jpg,1577880172740.jpg,1577880172742.jpg,1577880172743.jpg,1577880172744.jpg,1577880172746.jpg,1577880172747.jpg','2020-01-01 21:02:52'),(46,1,'마스크 5,000매 전달식','대한 적십자사에서  본협의회에 마스크5,000매 전달','1591681201409.jpg,1591681201417.jpg','2020-06-09 14:40:01'),(50,1,'a','bc','1607603575018.jpg','2020-12-10 21:32:55');
/*!40000 ALTER TABLE `gallery` ENABLE KEYS */;
UNLOCK TABLES;

--
-- Table structure for table `history`
--

DROP TABLE IF EXISTS `history`;
/*!40101 SET @saved_cs_client     = @@character_set_client */;
/*!40101 SET character_set_client = utf8 */;
CREATE TABLE `history` (
  `h_idx` int(5) NOT NULL AUTO_INCREMENT,
  `h_uidx` int(5) DEFAULT NULL,
  `h_date` datetime DEFAULT NULL,
  `h_content` text,
  `h_place` varchar(100) DEFAULT NULL,
  PRIMARY KEY (`h_idx`),
  KEY `h_uidx_idx` (`h_uidx`),
  CONSTRAINT `h_uidx` FOREIGN KEY (`h_uidx`) REFERENCES `user` (`u_idx`) ON DELETE CASCADE ON UPDATE CASCADE
) ENGINE=InnoDB AUTO_INCREMENT=192 DEFAULT CHARSET=utf8;
/*!40101 SET character_set_client = @saved_cs_client */;

--
-- Dumping data for table `history`
--

LOCK TABLES `history` WRITE;
/*!40000 ALTER TABLE `history` DISABLE KEYS */;
INSERT INTO `history` VALUES (124,1,'1999-05-10 00:00:00','테스트 회사 테스트 연혁 1','테스트 회사 장소1'),(125,1,'2018-06-20 00:00:00','테스트 회사 테스트 연혁 2','테스트 회사 장소2'),(127,454,'1999-10-10 00:00:00','노무사 시험 합격',''),(133,351,'1991-05-18 00:00:00','길산 정밀 설립.',''),(134,351,'1997-01-01 00:00:00','길산 특수강(주) 설립. ','대전'),(135,351,'2001-01-01 00:00:00','\"길산\" 상표 등록.',''),(136,351,'2003-04-01 00:00:00','(주)길산 특수강 광주영업소 설립.','광주'),(137,351,'2004-01-01 00:00:00','(주)길산특수강 --> 길산스틸(주) 로 상호변경.',''),(138,351,'2005-12-01 00:00:00','길산에스티(주) 법인설립.','경기도 양주시'),(139,351,'2006-02-01 00:00:00','길산정밀(주) 에서 길산파이프(주)로 법인명 변경.',''),(146,387,'1997-12-01 00:00:00','대한엔지니어링 설립 ',''),(147,387,'1998-01-03 00:00:00','PIN JACK TYPE 권양기 자체 MODEL 개발완료 생산 ',''),(149,1,'1950-12-08 00:00:00','안녕?',''),(157,379,'2013-09-13 00:00:00','디에스코리아 설립',''),(158,387,'1998-11-10 00:00:00','본사 및 공장 확장 이전(논산시 부적면 감곡리)',''),(163,387,'2001-09-12 00:00:00','건설업등록 기계설비공사업',''),(165,387,'2001-09-12 00:00:00','건설업등록 금속구조물•창호공사업',''),(166,387,'2001-12-27 00:00:00','공장 등록',''),(167,387,'2003-09-25 00:00:00','주식회사 대한엔지니어링 상호변경',''),(168,387,'2003-12-07 00:00:00','ISO 9001 인증',''),(169,387,'2004-11-10 00:00:00','우수기업인대상(논산시장)',''),(170,387,'2005-04-30 00:00:00','행정자치부장관상 수상',''),(171,387,'2005-07-25 00:00:00','유망중소기업선정(충청남도)',''),(172,387,'2006-03-06 00:00:00','벤처기업선정(중소기업청)',''),(173,387,'2006-09-02 00:00:00','연구전담부서인정(한국산업진흥협회)',''),(174,387,'2006-11-06 00:00:00','2006 중소기업경영대상 수상',''),(175,387,'2006-11-30 00:00:00','우수기업인 기술대상 수상(논산시장)',''),(176,387,'2006-12-10 00:00:00','선도기업선정(충청남도)',''),(177,387,'2007-05-16 00:00:00','ISO 14001 인증',''),(178,387,'2007-09-10 00:00:00','2007 대한민국 ESH 가치경영대상 수상(조달청)',''),(179,387,'2008-02-10 00:00:00','한국기계공업협동조합 표창장 수상',''),(180,387,'2008-07-02 00:00:00','산•학 교류 협약(건양대)',''),(181,387,'2009-10-05 00:00:00','기술혁신형 중소기업(INNO-BIZ)지정(중소기업청)',''),(182,387,'2010-05-20 00:00:00','건설업등록 강구조물공사업',''),(183,387,'2012-03-29 00:00:00','경영혁신형 중소기업(MAIN-BIZ) 인증(중소벤처기업부)',''),(184,387,'2015-02-10 00:00:00','신재생에너지 설비 설치전문기업 재등록',''),(185,387,'2017-02-15 00:00:00','주식회사 대한이앤씨 상호변경',''),(187,387,'2017-03-22 00:00:00','기업부설연구소 인정',''),(188,387,'2017-09-29 00:00:00','K-OHSMS 18001 / OHSAS 18001 인증',''),(189,387,'2019-04-02 00:00:00','성과공유기업 인증(중소벤처기업부)',''),(190,387,'2019-07-02 00:00:00','발전5개사 정비적격기업 인증',''),(191,387,'2017-01-05 00:00:00','해외건설업신고(기계설비 / 강구조물 / 금속창호공사업)','');
/*!40000 ALTER TABLE `history` ENABLE KEYS */;
UNLOCK TABLES;

--
-- Table structure for table `notice`
--

DROP TABLE IF EXISTS `notice`;
/*!40101 SET @saved_cs_client     = @@character_set_client */;
/*!40101 SET character_set_client = utf8 */;
CREATE TABLE `notice` (
  `n_idx` int(5) NOT NULL AUTO_INCREMENT,
  `n_uidx` int(5) NOT NULL,
  `n_title` varchar(50) NOT NULL,
  `n_content` varchar(500) NOT NULL,
  `n_date` datetime NOT NULL,
  `n_file` varchar(200) DEFAULT NULL,
  PRIMARY KEY (`n_idx`),
  KEY `n_uidx` (`n_uidx`),
  CONSTRAINT `notice_ibfk_1` FOREIGN KEY (`n_uidx`) REFERENCES `user` (`u_idx`) ON DELETE CASCADE ON UPDATE CASCADE
) ENGINE=InnoDB AUTO_INCREMENT=138 DEFAULT CHARSET=utf8;
/*!40101 SET character_set_client = @saved_cs_client */;

--
-- Dumping data for table `notice`
--

LOCK TABLES `notice` WRITE;
/*!40000 ALTER TABLE `notice` DISABLE KEYS */;
INSERT INTO `notice` VALUES (126,1,'새로운 앱 버전이 나왔습니다. ','플레이 스토어를통해서 업데이트 부탁드립니다.','2019-07-01 19:37:18',''),(129,1,'2019년 7월 25일 이사회안내','7월 25일은 이사회입니다.\r\n해외연수(또는 국내연수)와 관련하여 회의가 진행될 예정이오니\r\n임원님들의 많은 참여와 의견부탁드립니다. ','2019-07-02 10:46:35',''),(130,1,'8월 월례회의 공지','82019년 8월 월례회의\r\n8월 22일 목요일 오후 5시 본 협회 사무국에서 진행\r\n\r\n회의전\r\n- 알아두면 좋은 기업 노무관련 강의 진행\r\n\r\n회의\r\n 1. 신입회원 회원증 전달 및 인사\r\n 2. 해외연수관련안내\r\n','2019-08-13 15:23:09',''),(131,1,'결혼공지(맛가마 식품 도양구 대표결혼)','본 협회 회원이신 맛가마식품 도양구 대표님 결혼식이 있어 공지합니다.\r\n\r\n2019년 8월 24일 토요일 낮 12시\r\n대전 아름다운 킹덤 웨딩컨벤션\r\n\r\n많은 축하 부탁드립니다.\r\n','2019-08-13 15:25:38',''),(132,1,'9월 이사회의 안내','9월 이사회의\r\n\r\n일정: 9월 26일 목요일\r\n장소 : 협회 사무국 회의실 오전 11시\r\n안건내용:신입고문,회원 승인의 건\r\n오찬:시청앞 백산회관 낮 12시','2019-09-25 17:46:11',''),(133,1,'기업노무관리 특강예정','11월 14일 목요일 오후 2시 협회 회의실\r\n\r\n회원들의 권유로 기업노무관련 특강을 진행코자 합니다.\r\n회원사로 보내드린 유인물 자료 참고하시고,\r\n신청서를 작성하여 주시기 바랍니다.\r\n참석인원에 따라 진행 여부가 결정되오니 많은 참석 부탁드립니다.\r\n\r\n참석은 대표님 또는 실무책임자 입니다.','2019-11-04 14:05:35',''),(134,1,'12월 26일 월례회 및 송년회 ','논산시기업인협의회 \r\n2019년 12월 월례회 및 송년회 안내입니다\r\n\r\n일시 : 12월 26일 목요일 오후 5시 \r\n장소: 논산노블레스컨벤션웨딩홀\r\n\r\n순서 : 오후 5시 월례회의 진행\r\n            오후6시 송년회(만찬 및 경품행사)\r\n\r\n2019년을 보내는 마지막 월례회와 송년회가 진행됩니다.\r\n한해동안도 함께 해주신 우리 회원님들께 감사드리며 바쁘신 \r\n일정 조율 하시어 꼭 참석할 수 있길 바랍니다.\r\n\r\n','2019-12-06 09:41:56',''),(135,1,'5월 이사회의','이사회의 안건\r\n1. 임원사임\r\n2. 탈퇴승인\r\n3. 체육행사관련','2020-05-21 11:56:23',''),(136,1,'6월 체육행사 실시 안내','2020.6.11 목요일\r\n\r\n체육행사장소 : 골프- 연무아리트스컨트리클럽 10팀(낮 12시30분~)\r\n                               등산-연무 소룡산 등반(낮 3시~ )\r\n                                         등반 후 좋은마음팬션에서 휴식\r\n                              경품 행사 및 만찬-좋은마음 내 자연숨(오후 6시~)\r\n\r\n회원님들의 많은 참석 부탁드립니다.^^\r\n                             \r\n\r\n','2020-05-21 14:56:46',''),(137,1,'8월 월례회의 안내','2020년 8월 20일 목요일 월례회 개최\r\n\r\n신입회원 환영,\r\n10년 20년 재직업체 시상.','2020-08-05 10:18:25','');
/*!40000 ALTER TABLE `notice` ENABLE KEYS */;
UNLOCK TABLES;

--
-- Table structure for table `nsb_history`
--

DROP TABLE IF EXISTS `nsb_history`;
/*!40101 SET @saved_cs_client     = @@character_set_client */;
/*!40101 SET character_set_client = utf8 */;
CREATE TABLE `nsb_history` (
  `nh_idx` int(5) NOT NULL AUTO_INCREMENT,
  `nh_date` datetime DEFAULT NULL,
  `nh_content` varchar(200) DEFAULT NULL,
  PRIMARY KEY (`nh_idx`)
) ENGINE=InnoDB AUTO_INCREMENT=176 DEFAULT CHARSET=utf8;
/*!40101 SET character_set_client = @saved_cs_client */;

--
-- Dumping data for table `nsb_history`
--

LOCK TABLES `nsb_history` WRITE;
/*!40000 ALTER TABLE `nsb_history` DISABLE KEYS */;
INSERT INTO `nsb_history` VALUES (3,'1996-12-05 00:00:00','1996년 12월 5일 논산시기업인협의회 창립을 위한 발기총회\r\n- 장소 : 논산시청 제1회의실\r\n- 참석 : 관내 제조업체 대표 69명 \r\n- 내용 : 발기 위원장 도기갑(맛가마 대표) 선출'),(5,'1997-01-30 00:00:00','논산시기업인협의회 제1차 정기총회\r\n* 협의회 가입업체 38개업체\r\n* 임원선철 - 초대회장 : 도기갑(맛가마 식품)\r\n부회장 : 정길영(길산정밀(주))\r\n구본화((주)우성사료)\r\n최병길(한국종균)'),(6,'1997-07-30 00:00:00','사무국 이전 : 논산시 내동 948번지 ㈜우양강재(내)'),(7,'1998-01-28 00:00:00','제2차 정기총회\r\n- 제2대회장 : 이용훈 선출(가야곡 왕주)\r\n- 고문추대 : 도기갑(맛가마 식품)'),(8,'1998-05-05 00:00:00','제76회 어린이 날 행사지원'),(9,'1998-06-19 00:00:00','98년도 구인구직 만남의 행사 주관'),(10,'1998-07-29 00:00:00','회원업체 단합(등반)대회'),(11,'1998-09-01 00:00:00','수재의연금 전달'),(12,'1998-11-19 00:00:00','본 협의회 로고 및 마크 제정'),(13,'1998-11-24 00:00:00','본 협의회 부동산 등기신청용 등록번호 취득'),(14,'1998-12-17 00:00:00','본 협의회 상조회 회칙 제정'),(15,'1999-01-21 00:00:00','제3차 정기총회\r\n- 논산시기업인협의회 사명 제정\r\n- 월례회 개최 격월제로 실시'),(16,'1999-04-11 00:00:00','회원업체 생산물품 전시회'),(17,'1999-08-23 00:00:00','수재의연금 전달'),(18,'1999-09-20 00:00:00','본회 회원업체 생산품 전시장 및 상설 판매장 설치'),(19,'2000-01-28 00:00:00','제4차 정기총회'),(20,'2000-04-22 00:00:00','회원업체 생산물품 전시회'),(21,'2000-05-24 00:00:00','본회 사무국 이전\r\n- 장소 : 논산시 연무읍 죽평리(입영장정 쉼터)'),(22,'2000-11-09 00:00:00','회원업체 해외연수(중국북경) <9일~12일>'),(23,'2001-02-09 00:00:00','제5차 정기총회'),(24,'2001-05-23 00:00:00','중국 요령성 금주시 산업교류 및 기업시찰 <23일~27일>'),(25,'2001-06-18 00:00:00','입영장정 쉼터 수탁해지 신청'),(26,'2001-06-21 00:00:00','중국 요령성 금주시 기업체 대표 논산시 방문 <21일~22일>'),(27,'2001-07-27 00:00:00','본회 회원업체 등반대회(계룡산 신원사)'),(28,'2001-09-11 00:00:00','본회 사무국 이전'),(29,'2002-01-29 00:00:00','제6차 정기총회'),(30,'2002-04-13 00:00:00','회원업체 생산품 상설 전시'),(31,'2002-09-27 00:00:00','9월 월례회 및 회원업체 등반대회'),(32,'2002-09-05 00:00:00','중국 요령성 금주시장 초청행사 참석(9월 5일 ~ 9일 )'),(33,'2003-10-18 00:00:00','제2회 출향기업인과 만남의 행사주관(10월 18~19일)'),(34,'2003-01-14 00:00:00','신년교례회 및 제7차 정기총회'),(35,'2003-07-22 00:00:00','제1회 출향기업인과 만남의 행사 참석\r\n장소 : 서울 용산구 전쟁기념관'),(36,'2003-07-30 00:00:00','본회 논산시청에 비영리단체 등록신청'),(37,'2004-02-06 00:00:00','재8차 정기총회'),(38,'2004-07-08 00:00:00','본회 해외시찰(장소:일본국)'),(39,'2004-11-12 00:00:00','제1회 논산시기업인 대회\r\n장소 : 논산시문화예술회관\r\n수상내용 \r\n- 경영대상 가야곡왕주\r\n- 수출대상 해송공예\r\n- 우수기업인상 (주)우양강재, 타이코 코리아(주)'),(40,'2004-05-25 00:00:00','제11회 충남기업인대회 주관\r\n장소 : 논산시문화예술회관'),(41,'2005-01-24 00:00:00','제9차 종기총회'),(42,'2005-06-23 00:00:00','회원업체 해외연수(대만)'),(43,'2005-11-25 00:00:00','제2회 논산기업인 대회\r\n장소 : 논산시문화예술회관\r\n수상내용\r\n- 종합대상 한빛테크원(주)\r\n- 경영대상 (주)한일세라믹\r\n- 수출대상 타이코코리아(주)\r\n- 우수기업인상 (주)근옥산업 우전산업(주) (주)선진사료'),(44,'2006-01-26 00:00:00','제10차 정기총회'),(45,'2006-11-23 00:00:00','본회 창입 10주년 기념식 및 만찬'),(46,'2006-11-23 00:00:00','제3회 논산시기업인대회\r\n장소 : 논산시문화예술회관\r\n수상내용\r\n- 종합대상 길산파이프(주)\r\n- 경영대상 (주)삼화한양식품\r\n- 수출대상 (주)대한엔지니어링\r\n- 창업대상 (주)우리황토\r\n- 우수기업인상 (주)성신레미콘, 한국산업(주), (주)동우\r\n- 공로상 우양강재(주)\r\n- 성공사례발표 길산파이프(주)'),(47,'2007-02-07 00:00:00','제11차 정기총회\r\n임원선출\r\n- 회장 정길영 길산파이프(주)\r\n- 수석부회장 정석용 파트너가구\r\n- 감사 최석규 우양강재(주)'),(48,'2007-09-17 00:00:00','논산시 기업인 교류회\r\n장소 : 건양대학교 산학협력관 IT홀(5층)'),(49,'2008-01-21 00:00:00','제12차 정기총회\r\n* 부회장직책을 논산 대표기업으로 선임\r\n- (주)빙그레 - 씨제이(주)\r\n- (주)우성사료 - 동원팜스(주)\r\n- (주)한국야쿠르트'),(50,'2008-03-13 00:00:00','본회 사무국 이전\r\n장소 : 논산시 내동 948번지'),(51,'2008-06-19 00:00:00','기업 현장애로사항 간담회'),(52,'2009-02-24 00:00:00','제 13차 정기총회'),(53,'2009-05-22 00:00:00','춘계 회원 단합대회'),(54,'2009-10-23 00:00:00','추계회원 등반대회'),(55,'2010-02-22 00:00:00','제14차 정기총회'),(56,'2010-04-30 00:00:00','춘계 회원 등반대회(참석회원 30명)'),(57,'2010-07-01 00:00:00','본회 인터넷 홈페이지 개설'),(58,'2011-01-27 00:00:00','제 15차 정기총회\r\n* 임원선출\r\n- 회 장 정석용\r\n- 수석부회장 최석규'),(59,'2011-02-22 00:00:00','논산시기업인협의회 회장 이, 취임식\r\n내용 : 취임회장 정석용, 이임회장 정길영'),(60,'2011-05-28 00:00:00','회원등반대회(대둔산)'),(61,'2011-07-11 00:00:00','사무국 이전\r\n장소 : 논산시 시민로 215번지 2층'),(62,'2011-10-21 00:00:00','혁신 역량을 위한 회원단합대회\r\n일정 : 10월 21일~22일\r\n장소 : 제주도 일원'),(63,'2012-02-23 00:00:00','제 16차 정기(예산,결산)총회\r\n- 개최일시 : 2012년 2월 23일(목), 본회사무국'),(64,'2012-06-07 00:00:00','혁신역량 강화를위한 회원업체 해외연수\r\n- 일시 : 6월 7일(목)~10일(일)\r\n- 장소 : 홍콩->마카오->심천'),(65,'2012-07-06 00:00:00','논신시장 초청 논산시 기업인 간담회\r\n- 일시 : 7월 6일(금)\r\n- 장소 : 사랑한 소'),(66,'2012-08-31 00:00:00','태풍 볼라벤 피해업체 위로방문\r\n: 회원 10개 업체'),(67,'2012-10-25 00:00:00','2012년도 한마음 체육대회 및 10ㅇ월 월례회 개최\r\n- 일시 : 2012년 10월 25일(목)\r\n- 장 소 : 대전 유성구 일원'),(68,'2013-02-05 00:00:00','설명절 불우이웃돕기 쌀 전달(10KG * 200포)\r\n장소 : 논산시장실'),(69,'2013-02-27 00:00:00','2013년도 제17차 정기총회\r\n장소 : 본회 회의실'),(70,'2013-06-11 00:00:00','논산시장과 기업인간담회(본회 24개업체 참석)\r\n장소 : 논산시청 3층 회의실'),(71,'2013-07-11 00:00:00','논산시기업인협의회 혁신역량 강화를 위한 회원업체 해외연수실실\r\n장소 : 백두산 및 중국요령성 (7월 11일(목)~7월 17일(월)'),(72,'2013-09-10 00:00:00','제 20회 충청남도 기업인대회\r\n장소 : 충남도청 대회의실 4층'),(73,'2013-09-26 00:00:00','아름다운가게 일일 후원행사\r\n장소 : 논산시 장군마트 앞'),(74,'2013-10-24 00:00:00','2013년 10월 월례회 및 체육행사\r\n장소 : 대전시 신화수산'),(75,'2014-02-27 00:00:00','2014년도 시책설명회 및 제18차 정기총회\r\n장소 : 본회 회의실'),(76,'2014-07-12 00:00:00','혁신역량 강화를 위한 회원업체 울릉도 독도 탐방 실시\r\n일시 : 7월 12일(토) ~7월14일(월)\r\n장소 : 울릉도 독도'),(77,'2014-09-04 00:00:00','제21차 충청남도 기업인대회\r\n장소 : 충남도청 4층 대회의실\r\n내용 : 우수기업인상\r\n* 유정영농조합 대표 정균철 * (주)신화금속 대표 정찬욱'),(78,'2014-10-08 00:00:00','논산시장 초청 애로사항 해소 기업인간담회\r\n장소 : 논산시청 회의실'),(79,'2014-10-23 00:00:00','논산시 계룡시 기업인협의회 체육행사 및 합동 월례회\r\n종목 : 골프, 등산'),(80,'2014-12-10 00:00:00','희망 2014 나눔 캠페인 성금 전달\r\n장소 : 문예회관 소강당'),(81,'2014-12-18 00:00:00','2014년 임시총회 개최\r\n장소 : 논기협 회의실\r\n내용 : 제5대 회장 우양강재(주0 대표 최석규 선출'),(82,'2014-02-26 00:00:00','회장 이취임식\r\n장소 : 논기협 회의실'),(83,'2015-02-26 00:00:00','제19차 정기총회\r\n장소 : 논기협 회의실'),(84,'2015-03-26 00:00:00','본회 임원 체육행사(골프)\r\n장소 : 유성 컨트리클럽'),(85,'2015-04-15 00:00:00','논산시 계룡시 기업인 친선골프행사(참석20명)\r\n장소 : 여수 경도'),(86,'2015-04-24 00:00:00','125주년 근로자의 날 지원\r\n장소 : 논산 태능초가집갈비'),(87,'2015-05-14 00:00:00','충남 조사료 유통센터 준공식(유정영농조합법인 대표 정균철)\r\n장소 : 가야곡면 두월리'),(88,'2015-05-20 00:00:00','논산시 전국 지방자치단체 일자리 대상 최우수상 수상식 참석\r\n장소 : 세정정부청사 컨벤션센터'),(89,'2015-08-18 00:00:00','2015 을지연습 격려방문\r\n장소 : 논산시 종합상황실'),(90,'2015-10-22 00:00:00','논산시 계룡시 기업인 어울림 체육행사 및 10월 합동월례회\r\n장소 : 계룡시 및 구룡대'),(91,'2015-11-18 00:00:00','2015 혁신역량을 위한 해외연수 실시 (3박 5일)\r\n장소 : 태국 파타야'),(92,'2015-11-22 00:00:00','길산SST 지식산업센터 방문\r\n장소 : 시흥시 시회반월지구'),(93,'2015-11-24 00:00:00','길산파이프(주) 정길영 회장 풀뿌리자치언론대상 기업부문대상 수상\r\n장소 : 세종시 수정웨딩홀'),(94,'2015-11-30 00:00:00','2015 이웃돕기성금 모금행사 지원\r\n장소 : 문화예술회관'),(95,'2015-12-21 00:00:00','논산시기업인협의회 12월 송년 월례회\r\n장소 : 본회 회의실'),(96,'2016-01-04 00:00:00','2016년(丙申년) 새해 인사회\r\n장소 : 논산시 문예회관'),(97,'2016-01-20 00:00:00','일자리창출 유관기관 간담회\r\n장소 : 본회 회의실'),(98,'2016-01-21 00:00:00','대한민국 중소기업대상(동반성장 대상)시상식\r\n장소 : 그랜드하얏트 호텔'),(99,'2016-02-25 00:00:00','2016년 제 20차 정기총회\r\n장소 : 논기협 회의실'),(100,'2016-03-10 00:00:00','논산시 일자리 창출 유관기관 간담회\r\n장소 : 논산시청 상황실'),(101,'2016-03-11 00:00:00','딸기축제 지원 사업(현수막 )설치\r\n장소 : 논산시 일원(13곳)'),(102,'2016-03-18 00:00:00','논산 계룡 금산 민관 규제개혁위원회 회의\r\n장소 : 논기협 회의실'),(103,'2016-03-24 00:00:00','임원 체육행사 및 3월 이사회\r\n장소 : 유성 추자도'),(104,'2016-04-22 00:00:00','126주년 근로자의 날 기념식 \r\n장소 : 논산시 부창동사무소 회의실'),(105,'2016-04-28 00:00:00','중소기업 지원시책 설명회 및 4월 월례회'),(106,'2016-05-12 00:00:00','혁신역량 강화를 위한 외원업체 연수실시(2박3일)\r\n일시 : 5월 12일(금)~14일(토)\r\n장소 : 제주도 일원'),(107,'2016-05-25 00:00:00','논산시 일자리 창출 유관기관 간담회\r\n장소 : 논산시청 상황실'),(108,'2016-05-27 00:00:00','논산 계룡 금산 민 관 규제개혁 위원회 회의\r\n장소 : 계룡시청 상황실'),(109,'2016-06-07 00:00:00','인적자원개발위원회 남부지역회의 참석\r\n장소 : 본회 회의실'),(110,'2016-06-10 00:00:00','제68회 충남도민체전 선수 격려 방문\r\n장소 : 예산 삽교중학교'),(111,'2016-06-13 00:00:00','(주)제닉 회재사고 위로방문'),(112,'2016-06-23 00:00:00','에스에이치기업(주) 대통령 표창 수상\r\n부문 : 전기안전 공로인정'),(113,'2016-07-12 00:00:00','논산 평화의 소녀상 건립 후원금 전달\r\n(지원금 100만원)'),(114,'2016-07-22 00:00:00','취업지원 유관기관 간담회 참석\r\n장소 : 논산시 영상회의실'),(115,'2016-07-22 00:00:00','성덕교 피해복구 지원금 전달'),(116,'2016-08-19 00:00:00','논산 계룡 금산 규제개혁위원회\r\n장소 : 금산군 다락원'),(117,'2016-08-24 00:00:00','2016년 을지연습 격려방문\r\n장소 : 논산시 종합상황실'),(118,'2016-11-01 00:00:00','2016년 JOB콘서트와 함께하는 취업창업박람회\r\n장소 : 논산시 국민체육센터 3층'),(119,'2016-11-03 00:00:00','`기업인의 날` 제5회 건양 산.학.연.관 페스티발\r\n장소 : 건양대학교 대전 메디컬캠퍼스'),(120,'2016-12-13 00:00:00','2016년 이웃돕기성금 모금행사 후원'),(121,'2016-12-20 00:00:00','임시총회'),(122,'2016-12-22 00:00:00','논산시기업인협의회 12월 임시총회\r\n내용 : 제6대 회장 (주)국제기계금속 대표 이경배 선출\r\n청탁금지법 관련교수 초빙 강의\r\n장소 : 논기협 회의실'),(123,'2017-01-17 00:00:00','2016년도 결산감사\r\n장소 : 논기협 사무국'),(124,'2017-01-24 00:00:00','2017년 1월 이사회\r\n장소 : 논기협 사무국'),(125,'2017-02-23 00:00:00','2017년 제21차 정기총회 및 이, 취임식\r\n장소 : 논산시청 대회의실'),(126,'2017-03-22 00:00:00','임원 체육행사 및 3월이사회\r\n장소 : 유성컨트리 클럽'),(127,'2017-04-05 00:00:00','2017 논산딸기축제 후원'),(128,'2017-04-20 00:00:00','논산시기업인협의회 4월 월례회\r\n장소 : 논기협 사무국\r\n내용 : 신입회원 입회증 전달\r\n논산시 동남아 무역사절단 모집관련 설\r\n여성인턴사업관련 설명'),(129,'2017-04-28 00:00:00','제127주년 노동절 기념대회 개최\r\n장소 : 태능갈비 2층'),(130,'2017-05-25 00:00:00','임원 체육행사 및 5월 이사회\r\n장소 : 유성 컨트리 클럽'),(131,'2017-06-17 00:00:00','2017년 논산시 지역산업맞춤형 일자리창출 \"취입지원 유관기관 간담회 \" 참석\r\n장소 : 논산시청 상황실'),(132,'2017-06-22 00:00:00','논산기업인 협희외 6월 월례회의\r\n장소 : 건양대학교 명곡정보관 604호'),(133,'2017-09-15 00:00:00','2017 논산시<기업인 인사담당> 간담회'),(134,'2017-11-07 00:00:00','중앙아시아 키르키스탄 7개업체 박람회 참석\r\n참석일시:2017.11.07~11.15\r\n참석업체:(주)휴먼테크, (주)두리두리, (주)세계에프엘, 논산안전, (주)보람씨앤에치\r\n장소 : 중앙아시아 키르키스타'),(135,'2017-11-23 00:00:00','2017 논기협 필리핀 세부 해외연수 실시\r\n\r\n2017.11.23~11.27\r\n필리핀 세부'),(136,'2017-12-16 00:00:00','2017년 논산시 기업체 근로자를 위한 동고동락 힐링코서트 주관\r\n\r\n2017년 12월 16일(토) 오후 3시, 7시 2회 공연\r\n\r\n건양대학교 콘서트홀'),(137,'2018-01-25 00:00:00','2018년 1월 이사회의\r\n2018.1.25.(목) 오전 10:30\r\n협회 사무숫'),(138,'2018-02-22 00:00:00','2018년 2월 정기총회\r\n2018.2.22. 목 17:00\r\n건양대 명곡정보관 3층'),(139,'2018-02-28 00:00:00','2018년도 논산시새마을지회 회장- (주)나우리 이은세대표 취임'),(140,'2018-03-15 00:00:00','길산그룹 신공장 기공식 참석\r\n2018.3.15(목) 12:00\r\n양주시 홍죽일반산업단지'),(141,'2018-03-22 00:00:00','3월 이사회의 및 임원 체육행사\r\n2018.3.22 목\r\n유성컨트리클럽'),(142,'2018-04-05 00:00:00','2018년 논산딸기축제 후원\r\n2018.4.04~4.8(5일간)\r\n논산천둔치'),(143,'2018-04-11 00:00:00','2018년 강경젓갈축제 제1차 추진위원회\r\n2018.4.11(수)\r\n논산시청 회의실'),(144,'2018-04-26 00:00:00','2018년 4월 월례회의\r\n2018.4.26 목\r\n협회 사무국'),(145,'2018-06-28 00:00:00','2018년 6월 월례회의\r\n2018.6.28(목) 오후5시\r\n사무국회의실'),(146,'2018-07-08 00:00:00','해외시장 개척 중국 사절단 파견\r\n2018.7.8~14일\r\n장소 : 중국 시안,충칭, 칭다오\r\n협회 참가업체:(주)두리두리, 성연식품(주), (주)보람씨앤에치'),(147,'2018-07-26 00:00:00','2018년 7월 이사회의\r\n2018.7.26 목 오전 11시\r\n협회사무국'),(148,'2018-09-13 00:00:00','2018년 충남 도민체전 후원\r\n2018.9.13~9.16\r\n태안군 일원'),(149,'2018-09-19 00:00:00','2018년 9월이사회의 및 체육활동 병행\r\n2018.9.19(수) \r\n장소: 에딘버러컨트리클럽, 만찬:연산 산애들애'),(150,'2018-10-10 00:00:00','2018년 강경젓갈축제 개막 행사\r\n2018.10.10~10.14\r\n강경젓갈공원'),(151,'2018-10-10 00:00:00','(주)국제에스티 신축 준공 이전 개업식\r\n2018.10.10(수) 오전 11시\r\n장소 : 연무 동산산업단지 사업장'),(152,'2018-11-15 00:00:00','2018년 논기협 필리핀 마닐라 해외연수\r\n2018.11.15~11.19\r\n필리핀 마닐라'),(153,'2018-11-29 00:00:00','2018년 건양 산학연관 페스티벌\r\n2018.11.29(목) 오후 5시\r\n건양대학고 짐나지움'),(154,'2018-12-06 00:00:00','논산시 사회복지공동모금회 기부금 전달\r\n2018년 12월 06일\r\n기부금 100만원'),(155,'2018-12-13 00:00:00','2018년 12월 13일 (목) 오후 1시30분~\r\n장소: 논산시 국민체육센터'),(156,'2018-12-18 00:00:00','2018년 12월 임시이사회\r\n2018.12.18\r\n협회 사무국\r\n'),(157,'2018-12-27 00:00:00','2018월 12월 임시총회 및 송년회\r\n2018년12월 27일(목)\r\n노블레스 웨딩홀2 층'),(158,'2019-01-14 00:00:00','2018년도 결산감사\r\n\r\n2019년 1월 14일 \r\n본협회 사무국'),(159,'2019-01-24 00:00:00','2019년 1월 이사회의\r\n본 협회 사무국\r\n\r\n-신입회원승인의 건\r\n-2019년 임원사퇴 및 선임의 건\r\n-2018년도 결산보고서 의결, 잉여금 처분계산서 의결의 건\r\n-협회 규약,상조회칙 개정의 건\r\n-임원찬조금, 회비 인상의 건\r\n-협회 모바일 앱 제작의 건\r\n-2019년도 예산 의결의 건\r\n-한마음 체육행사 개최의 건'),(160,'2019-02-21 00:00:00','관학산 교류협약서(본 협의회, 논산시, 건양대학교 산학협력단)\r\n2019.02.24  15시\r\n논산시청'),(161,'2019-03-21 00:00:00','3월이사회의 및 임원 체육활동'),(162,'2019-04-24 00:00:00','2019년 강경젓갈축제 제2차 추진위원회의 참석'),(163,'2019-04-26 00:00:00','2019년 제 129주년 노동절기념대회 개최\r\n논산문화원 다목적홀'),(164,'2019-05-29 00:00:00','5월이사회의 및 한마음 체육행사\r\n골프 - 유성컨트리클럽\r\n등산-유성수통골 빈계산'),(165,'2019-06-27 00:00:00','6월 월례회의\r\n- 앱설치관련 안내\r\n-한마음체육행사 보고\r\n-유사 : 성연식품(주)김대환대표'),(166,'2019-07-25 00:00:00','7월이사회의 및 김종민 국회의원과 간담회\r\n본 협회 회의실'),(167,'2019-08-22 00:00:00','8월 월례회의\r\n- 베트남 다낭 해외연수안내\r\n- 유사 : (주)나우리건설 이은세 대표'),(168,'2019-09-26 00:00:00','9월이사회의\r\n-신입고문,회원승인\r\n  (유근철변호사, 더밀 심윤섭대표)'),(169,'2019-10-24 00:00:00','10월 월례회의 및 세무관련 강의\r\n\r\n-강사 : 강근식세무사님 강의'),(170,'2019-11-14 00:00:00','기업노무관련 특강\r\n\r\n강사: 신화노무법인 신용순노무사'),(171,'2019-11-20 00:00:00','2019년 논기협 베트남 다낭 해외연수\r\n\r\n2019.11.20~11.24(3박5일)\r\n'),(172,'2019-12-04 00:00:00','논산시 사회복지 공동모금회 기부금 전달\r\n2019.12.4  \r\n100만원 전달'),(173,'2019-12-16 00:00:00','2019년 자원봉사자 한마당 축제 후원\r\n\r\n12월 16일 행사\r\n기념타올 300개 증정'),(174,'2019-12-17 00:00:00','논산 YWCA 업무협력 협약\r\n2019.12.17\r\n논산 YWCA회의실에서 진행'),(175,'2019-12-26 00:00:00','2019년 12월 월례회 및 송년회\r\n\r\n장소 : 노블레스웨딩홀 2층\r\n신입회원 회원증전달(상경 백경순대표)\r\n\r\n송년회진행- 사회자진행, 경품행사 등');
/*!40000 ALTER TABLE `nsb_history` ENABLE KEYS */;
UNLOCK TABLES;

--
-- Table structure for table `reply`
--

DROP TABLE IF EXISTS `reply`;
/*!40101 SET @saved_cs_client     = @@character_set_client */;
/*!40101 SET character_set_client = utf8 */;
CREATE TABLE `reply` (
  `r_idx` int(5) NOT NULL AUTO_INCREMENT,
  `r_nidx` int(5) DEFAULT NULL,
  `r_gidx` int(5) DEFAULT NULL,
  `r_sidx` int(5) DEFAULT NULL,
  `r_uidx` int(5) NOT NULL,
  `r_content` varchar(100) NOT NULL,
  `r_date` datetime NOT NULL,
  PRIMARY KEY (`r_idx`),
  KEY `r_uidx` (`r_uidx`),
  KEY `r_nidx` (`r_nidx`),
  KEY `r_gidx` (`r_gidx`),
  KEY `r_sidx` (`r_sidx`),
  CONSTRAINT `reply_ibfk_1` FOREIGN KEY (`r_uidx`) REFERENCES `user` (`u_idx`) ON DELETE CASCADE ON UPDATE CASCADE,
  CONSTRAINT `reply_ibfk_2` FOREIGN KEY (`r_nidx`) REFERENCES `notice` (`n_idx`) ON DELETE CASCADE ON UPDATE CASCADE,
  CONSTRAINT `reply_ibfk_3` FOREIGN KEY (`r_gidx`) REFERENCES `gallery` (`g_idx`) ON DELETE CASCADE ON UPDATE CASCADE,
  CONSTRAINT `reply_ibfk_4` FOREIGN KEY (`r_sidx`) REFERENCES `support` (`s_idx`) ON DELETE CASCADE ON UPDATE CASCADE
) ENGINE=InnoDB DEFAULT CHARSET=utf8;
/*!40101 SET character_set_client = @saved_cs_client */;

--
-- Dumping data for table `reply`
--

LOCK TABLES `reply` WRITE;
/*!40000 ALTER TABLE `reply` DISABLE KEYS */;
/*!40000 ALTER TABLE `reply` ENABLE KEYS */;
UNLOCK TABLES;

--
-- Table structure for table `reply_gallery`
--

DROP TABLE IF EXISTS `reply_gallery`;
/*!40101 SET @saved_cs_client     = @@character_set_client */;
/*!40101 SET character_set_client = utf8 */;
CREATE TABLE `reply_gallery` (
  `rg_idx` int(5) NOT NULL AUTO_INCREMENT,
  `rg_gidx` int(5) NOT NULL,
  `rg_uidx` int(5) NOT NULL,
  `rg_content` varchar(100) NOT NULL,
  `rg_date` datetime DEFAULT NULL,
  PRIMARY KEY (`rg_idx`),
  KEY `rg_gidx_idx` (`rg_gidx`),
  KEY `rg_uidx_idx` (`rg_uidx`),
  CONSTRAINT `rg_gidx` FOREIGN KEY (`rg_gidx`) REFERENCES `gallery` (`g_idx`) ON DELETE CASCADE ON UPDATE CASCADE,
  CONSTRAINT `rg_uidx` FOREIGN KEY (`rg_uidx`) REFERENCES `user` (`u_idx`) ON DELETE CASCADE ON UPDATE CASCADE
) ENGINE=InnoDB DEFAULT CHARSET=utf8;
/*!40101 SET character_set_client = @saved_cs_client */;

--
-- Dumping data for table `reply_gallery`
--

LOCK TABLES `reply_gallery` WRITE;
/*!40000 ALTER TABLE `reply_gallery` DISABLE KEYS */;
/*!40000 ALTER TABLE `reply_gallery` ENABLE KEYS */;
UNLOCK TABLES;

--
-- Table structure for table `reply_notice`
--

DROP TABLE IF EXISTS `reply_notice`;
/*!40101 SET @saved_cs_client     = @@character_set_client */;
/*!40101 SET character_set_client = utf8 */;
CREATE TABLE `reply_notice` (
  `rn_idx` int(5) NOT NULL AUTO_INCREMENT,
  `rn_nidx` int(5) NOT NULL,
  `rn_uidx` int(5) NOT NULL,
  `rn_content` varchar(100) NOT NULL,
  `rn_date` datetime DEFAULT NULL,
  PRIMARY KEY (`rn_idx`),
  KEY `rn_nidx_idx` (`rn_nidx`),
  KEY `rn_uidx_idx` (`rn_uidx`),
  CONSTRAINT `rn_nidx` FOREIGN KEY (`rn_nidx`) REFERENCES `notice` (`n_idx`) ON DELETE CASCADE ON UPDATE CASCADE,
  CONSTRAINT `rn_uidx` FOREIGN KEY (`rn_uidx`) REFERENCES `user` (`u_idx`) ON DELETE CASCADE ON UPDATE CASCADE
) ENGINE=InnoDB AUTO_INCREMENT=205 DEFAULT CHARSET=utf8;
/*!40101 SET character_set_client = @saved_cs_client */;

--
-- Dumping data for table `reply_notice`
--

LOCK TABLES `reply_notice` WRITE;
/*!40000 ALTER TABLE `reply_notice` DISABLE KEYS */;
INSERT INTO `reply_notice` VALUES (204,136,1,'','2020-06-25 17:49:11');
/*!40000 ALTER TABLE `reply_notice` ENABLE KEYS */;
UNLOCK TABLES;

--
-- Table structure for table `reply_support`
--

DROP TABLE IF EXISTS `reply_support`;
/*!40101 SET @saved_cs_client     = @@character_set_client */;
/*!40101 SET character_set_client = utf8 */;
CREATE TABLE `reply_support` (
  `rs_idx` int(5) NOT NULL AUTO_INCREMENT,
  `rs_sidx` int(5) NOT NULL,
  `rs_uidx` int(5) NOT NULL,
  `rs_content` varchar(100) NOT NULL,
  `rs_date` datetime DEFAULT NULL,
  PRIMARY KEY (`rs_idx`),
  KEY `rs_sidx_idx` (`rs_sidx`),
  KEY `rs_uidx_idx` (`rs_uidx`),
  CONSTRAINT `rs_sidx` FOREIGN KEY (`rs_sidx`) REFERENCES `support` (`s_idx`) ON DELETE CASCADE ON UPDATE CASCADE,
  CONSTRAINT `rs_uidx` FOREIGN KEY (`rs_uidx`) REFERENCES `user` (`u_idx`) ON DELETE CASCADE ON UPDATE CASCADE
) ENGINE=InnoDB AUTO_INCREMENT=2 DEFAULT CHARSET=utf8;
/*!40101 SET character_set_client = @saved_cs_client */;

--
-- Dumping data for table `reply_support`
--

LOCK TABLES `reply_support` WRITE;
/*!40000 ALTER TABLE `reply_support` DISABLE KEYS */;
/*!40000 ALTER TABLE `reply_support` ENABLE KEYS */;
UNLOCK TABLES;

--
-- Table structure for table `support`
--

DROP TABLE IF EXISTS `support`;
/*!40101 SET @saved_cs_client     = @@character_set_client */;
/*!40101 SET character_set_client = utf8 */;
CREATE TABLE `support` (
  `s_idx` int(5) NOT NULL AUTO_INCREMENT,
  `s_uidx` int(5) NOT NULL,
  `s_title` varchar(50) NOT NULL,
  `s_content` varchar(500) NOT NULL,
  `s_date` datetime NOT NULL,
  `s_file` varchar(200) DEFAULT NULL,
  PRIMARY KEY (`s_idx`),
  KEY `s_uidx` (`s_uidx`),
  CONSTRAINT `support_ibfk_1` FOREIGN KEY (`s_uidx`) REFERENCES `user` (`u_idx`) ON DELETE CASCADE ON UPDATE CASCADE
) ENGINE=InnoDB AUTO_INCREMENT=1131 DEFAULT CHARSET=utf8;
/*!40101 SET character_set_client = @saved_cs_client */;

--
-- Dumping data for table `support`
--

LOCK TABLES `support` WRITE;
/*!40000 ALTER TABLE `support` DISABLE KEYS */;
INSERT INTO `support` VALUES (1130,1,'중소기업.소상공인 자금지원안내','자료를 참고하시고, 기업에 도움이 되셨음 합니다','2020-05-21 15:22:52','1590042172079.jpg,1590042172080.jpg');
/*!40000 ALTER TABLE `support` ENABLE KEYS */;
UNLOCK TABLES;

--
-- Table structure for table `user`
--

DROP TABLE IF EXISTS `user`;
/*!40101 SET @saved_cs_client     = @@character_set_client */;
/*!40101 SET character_set_client = utf8 */;
CREATE TABLE `user` (
  `u_idx` int(5) NOT NULL AUTO_INCREMENT,
  `u_id` varchar(20) NOT NULL,
  `u_pw` varchar(14) NOT NULL,
  `u_name` varchar(10) NOT NULL,
  `u_email` varchar(30) NOT NULL,
  `u_emailchk` int(1) NOT NULL,
  `u_infochk` int(1) NOT NULL,
  `u_industry` int(2) NOT NULL,
  `u_grade` int(2) DEFAULT '1',
  `u_date` datetime NOT NULL,
  `i_name` varchar(20) DEFAULT NULL,
  `i_addr` varchar(50) DEFAULT NULL,
  `i_phone` varchar(12) DEFAULT NULL,
  `i_url` varchar(200) DEFAULT NULL,
  `i_comment` varchar(300) DEFAULT NULL,
  `i_staff` int(5) DEFAULT NULL,
  `i_history` int(4) DEFAULT NULL,
  `i_image` varchar(50) DEFAULT NULL,
  `i_product` varchar(50) DEFAULT NULL,
  `i_slogan` varchar(100) DEFAULT NULL,
  `i_productimage` varchar(160) DEFAULT NULL,
  `u_profile` varchar(100) DEFAULT NULL,
  PRIMARY KEY (`u_idx`)
) ENGINE=InnoDB AUTO_INCREMENT=468 DEFAULT CHARSET=utf8;
/*!40101 SET character_set_client = @saved_cs_client */;

--
-- Dumping data for table `user`
--

LOCK TABLES `user` WRITE;
/*!40000 ALTER TABLE `user` DISABLE KEYS */;
INSERT INTO `user` VALUES (1,'nsbadmin','nsbadmin','관리자계정','',1,1,2,99,'2019-03-20 00:00:00','논산시기업인협의회','논산시 시민로 213 3층','0417367014','http://nsbusiness.org/','1996년 12월에 논산시기업인협의회가 창립되어 오늘에 이르기까지 21년의 역사와 함께 우리 지역의 발전과 화합을 위하여 함께 노력하며 수고하신 회원분들게 진심으로 감사를 드립니다.\r\n\r\n날로 발전하는 회원사를 보며 든든하고 행복함을 느낍니다.',100,1996,NULL,'','“회원과 함께 성장하고 화합하는 논산시 기업인 협의회 입니다.”',NULL,'1.jpg'),(349,'nsb001','016432','이경배','',1,1,1,1,'1997-01-10 00:00:00','㈜국제에스티','연무읍 동산산업단지로 81','041-732-2559',NULL,NULL,50,NULL,NULL,'교량난간',NULL,'NULL',NULL),(350,'nsb002','016432','최석규','',1,1,1,2,'1997-01-10 00:00:00','우양강재㈜','연무읍 봉황로 79','041-741-6609',NULL,NULL,18,NULL,NULL,'조립식판넬',NULL,NULL,NULL),(351,'nsb003','016432','정길영','',1,1,1,3,'1997-01-10 00:00:00','길산파이프㈜','부적면 감곡1길 7-24','041-732-9997','www.gilsan.co.kr','미래 가치 실현의 기반이 되는 글로벌 파이프 전문 기업',120,1991,'t_351_1562801700132.png','스텐레스파이프','미래를 꿈꾸는 길산!','t_351_1562737227039.jpg,t_351_1562737235481.jpg,t_351_1562737243837.jpg,t_351_1562737248639.jpg,t_351_1562737255226.jpg','t_351_1562737209171.jpg'),(352,'nsb004','016432','김중윤','',1,1,1,6,'1999-05-06 00:00:00','㈜성신레미콘','은진면 매죽헌로556-5','041-741-5580',NULL,NULL,23,NULL,NULL,'레미콘,철강',NULL,NULL,NULL),(353,'nsb005','016432','강남철','',1,1,1,5,'1996-01-10 00:00:00','CJ제일제당㈜','연무읍 죽본2길 16','041-740-3310',NULL,NULL,204,NULL,NULL,'태양초고추장(해찬들)',NULL,NULL,NULL),(354,'nsb006','016432','이영흠','',1,1,1,4,'1998-04-25 00:00:00','(합)황산벌농업회사법인','부적면 외성리 5-1','041-732-9779',NULL,NULL,5,NULL,NULL,'미곡처리',NULL,NULL,NULL),(355,'nsb007','016432','정균철','',1,1,1,4,'2009-12-28 00:00:00','유정영농조합법인','성동산업단지로 4길 47','041-734-7232','null','null',40,2002,'','섬유질 배합사료','null','',''),(356,'nsb008','016432','구자옥','',1,1,1,4,'2012-04-26 00:00:00','(주)디에이치','성동산업단지로 5길73-16','041-742-6082',NULL,NULL,30,NULL,NULL,'하수,오폐수 처리기계',NULL,NULL,NULL),(357,'nsb009','016432','하평수','',1,1,1,4,'2010-11-30 00:00:00','㈜부경','연산면 선비로 1011','041-734-6173',NULL,NULL,29,NULL,NULL,'와이어매쉬 수로관하천블럭',NULL,NULL,NULL),(358,'nsb010','016432','안행순','',1,1,1,7,'2014-02-27 00:00:00','뉴현대건설','연무읍 연무로 166-60','041-742-9990',NULL,NULL,15,NULL,NULL,'종합건설업',NULL,NULL,NULL),(359,'nsb011','016432','김상현','',1,1,1,9,'2010-06-22 00:00:00','㈜두리두리','성동산업단지로 2길 45','041-734-5934',NULL,NULL,48,NULL,NULL,'선식, 미수가루, 천연조미료',NULL,NULL,NULL),(360,'nsb012','016432','구본철','',1,1,1,8,'1999-01-04 00:00:00','㈜금성이앤씨','은진면 매죽헌로 567','041-741-7301',NULL,NULL,69,NULL,NULL,'수문 제진기',NULL,NULL,NULL),(361,'nsb013','016432','문명준','',1,1,5,8,'1998-07-03 00:00:00','신창특수인쇄.프린텍','논산시 반월동 33-20','041-736-8977',NULL,NULL,3,NULL,NULL,'각종칼라인쇄',NULL,NULL,NULL),(362,'nsb014','016432','장세상','',1,1,1,11,'2005-02-28 00:00:00','㈜대경','양촌면 황산벌로784번길 174-11','041-741-9280',NULL,NULL,9,NULL,NULL,'사료',NULL,NULL,NULL),(363,'nsb015','016432','이정엽','',1,1,1,13,'2000-05-10 00:00:00','사조동아원㈜광석공장','광석면 논산평야로964','041-732-8200',NULL,NULL,35,NULL,NULL,'밀쌀제조',NULL,NULL,NULL),(366,'nsb018','016432','이현희','',1,1,1,9,'2009-10-14 00:00:00','㈜에스앤비푸드','성동 산업단지로5길 73-6','041-741-1806',NULL,NULL,70,NULL,NULL,'햄.소시지',NULL,NULL,NULL),(367,'nsb019','016432','이윤재','',1,1,1,9,'2010-12-31 00:00:00','㈜진미농산','가야곡 가야공단길23-21','041-741-7330','null','null',20,2019,'','고춧가루','null','',''),(368,'nsb020','016432','신철','',1,1,2,9,'2012-05-24 00:00:00','에스에이치기업㈜','은진면 매죽헌로 54-8','041-733-3331','null','null',25,2019,'','종합건설, 전기','null','',''),(369,'nsb021','016432','이은세','',1,1,2,9,'2015-10-22 00:00:00','㈜나우리','논산시 시민로210번길 35-8','041-732-3046',NULL,NULL,10,NULL,NULL,'건설',NULL,NULL,NULL),(370,'nsb022','016432','김대환','',1,1,1,9,'2008-04-23 00:00:00','성연식품㈜','성동산업단지로2길 29','041-735-7723',NULL,NULL,17,NULL,NULL,'음료 스넥 식육가공품',NULL,NULL,NULL),(371,'nsb023','016432','이윤희','',1,1,1,9,'2015-04-23 00:00:00','현대플러스㈜','가야곡 가야공단길 14-23','041-741-7251',NULL,NULL,21,NULL,NULL,'PVC샤시(도어, 창)',NULL,NULL,NULL),(372,'nsb024','016432','이태성','',1,1,1,9,'2015-04-23 00:00:00','경성지대공업㈜','연무읍 봉황로 87','041-742-3641',NULL,NULL,20,NULL,NULL,'종이가방 및 포대제조',NULL,NULL,NULL),(373,'nsb025','016432','황선영','seok522@hanmail.net',1,1,2,9,'2016-12-01 00:00:00','석정건설㈜','노성면 읍내리 8-16','041-736-1908',NULL,NULL,28,NULL,NULL,'강구조물, 철도궤도',NULL,NULL,NULL),(374,'nsb026','016432','임진성','hd-pmc@naver.com',1,1,1,9,'2016-12-01 00:00:00','㈜현대피엠씨','연무읍 양지리 474-1','041-741-9533',NULL,NULL,34,NULL,NULL,'건설자재 제조',NULL,NULL,NULL),(375,'nsb027','016432','오근수','oks3828@naver.com',1,1,2,9,'2016-12-01 00:00:00','현대알루미늄논산공장','가야곡면 원앙로 503번길 117','041-730-7603',NULL,NULL,250,NULL,NULL,'알루미늄',NULL,NULL,NULL),(376,'nsb028','016432','고명근','',1,1,1,9,'1998-01-21 00:00:00','㈜근옥','은진면 안심로 277-32','041-742-1904',NULL,NULL,43,NULL,NULL,'축산환기시스템',NULL,NULL,NULL),(377,'nsb029','016432','박웅현','',1,1,1,9,'2016-06-23 00:00:00','㈜계룡우드','연산면 사계3길 79-3','041-733-0103','null','null',11,2004,'','우드칩, 고형연료','null','',''),(378,'nsb030','016432','김영상','ceo@newtechbrush.com',1,1,1,7,'2016-12-01 00:00:00','휴먼테크㈜','논산시 상월면 상월로 82-38','041-734-5688',NULL,NULL,70,NULL,NULL,'구강용품 외 병원용품',NULL,NULL,NULL),(379,'nsb031','sea57029','임동선','',1,1,3,9,'2016-12-01 00:00:00','㈜디에스코리아','논산시 은진면 연은로 274-33','041-742-9994','www.ds-dskorea.net','DS KOREA는 2013년에 설립된 면테이프 점착테이프 ( Cotton Cloth Tapes) 전문기업으로 다양한 제품을 생산, 판매하는 회사입니다.\nDS KOREA의 역사는 다른 회사에 비해 짧지만, 동종업계 20년이상의 경력을 가진 임직원으로 구성되어 있어 축적된 노하우와 전문성을 갖추고 있습니다. \nDS KOREA는 믿을수 있고, 열심히 일하는 회사로서 타협하지 않는 정직성과 신뢰를 통해 고객과의 약속을 지켜나갈 것입니다.\n감사합니다~^^',27,2013,'t_379_1563771963441.jpg','면접착 TAPE','타협하지 않는 정직성!\n고객신뢰를 통한 고객만족!','t_379_1563771888335.jpg,t_379_1563771902139.jpg,t_379_1563771912648.jpg,t_379_1563771939137.jpg','t_379_1590039848091.jpg'),(380,'nsb032','016432','김명수','',1,1,7,9,'2017-02-01 00:00:00','화정식품','논산시 지산2길 5','041-732-3003',NULL,NULL,36,NULL,NULL,'소 돼지 도축 제조',NULL,NULL,NULL),(381,'nsb033','016432','김한호','fa98b@hanmail.net',1,1,1,9,'2017-10-01 00:00:00','㈜찬누리','논산시 성동면 원북1길 94','041-734-0593',NULL,NULL,9,NULL,NULL,'전분류',NULL,NULL,NULL),(382,'nsb034','016432','송진홍','',1,1,1,13,'2001-09-18 00:00:00','근암농산영농조합법인','벌곡면 대둔로 837 ','041-733-9077',NULL,NULL,5,NULL,NULL,'쌀 양곡 미강',NULL,NULL,NULL),(383,'nsb035','016432','홍영기','pbgsu@konyang.ac.kr',1,1,4,10,'2016-12-01 00:00:00','건양대산학협력단','논산시 대학로 121(내동)','041-730-5242',NULL,NULL,31,NULL,NULL,'학술연구, 개발, 원가계산용역',NULL,NULL,NULL),(384,'nsb036','016432','정구홍','test',0,1,4,13,'1997-01-10 00:00:00','파트너OA가구','연무읍 동안로 954','041-741-6100',NULL,NULL,50,NULL,NULL,'사무용가구',NULL,NULL,NULL),(385,'nsb037','016432','진왕규','',1,1,1,13,'2018-01-01 00:00:00','㈜한국야쿠르트','가야곡 매죽헌로638번길 58 (생산지원팀)','041-741-4567',NULL,NULL,134,NULL,NULL,'야쿠르트',NULL,NULL,NULL),(386,'nsb038','016432','박기홍','',1,1,1,13,'2009-06-06 00:00:00','㈜코캄','가야곡 가야공단길 19','041-740-3801',NULL,NULL,250,NULL,NULL,'LIPB 2차전지',NULL,NULL,NULL),(387,'nsb039','016432','이규석','',1,1,4,13,'2007-03-30 00:00:00','주식회사 대한이앤씨','충청남도 논산시 부적면 예학로 1길 219','041-733-8666','koreaenc.kr','(주)대한E&C는 한발 앞선 생각과 노력으로 동종업계 최초의 ‘선도기업’임을 인증받았습니다.\r\n 이를 바탕으로 ‘수처리 사업부문’을 시작으로 ‘재활용선별시설’에 소요되는 기자재 및 선별시설을 제작, 설치하는 기업입니다.',11,1997,'t_387_1572413531869.png','재활용처리설비, 제진기, 수문','잘사는 직원, 따뜻한회사, 초우량 기업','t_387_1572413328335.jpg,t_387_1572413340964.jpg,t_387_1572413350325.jpg,t_387_1572413357448.jpg,t_387_1572413371348.jpg',''),(388,'nsb040','016432','정의찬','',1,1,1,13,'2012-01-01 00:00:00','㈜빙그레','가야곡 동안로1413-10','041-740-1122','www.bing.co.kr','null',130,2019,'','아이스크림','건강과 행복을 나누는 밝은 미소의 메신저','',''),(389,'nsb041','016432','손홍철','',1,1,1,13,'2016-01-01 00:00:00','㈜우성사료','은진면 안심로 259-3','041-740-4410',NULL,NULL,94,NULL,NULL,'배합사료',NULL,NULL,NULL),(390,'nsb042','62aj3741','이학천','',1,1,1,13,'2013-03-01 00:00:00','㈜오뚜기 논산공장','은진면 관촉로 58-138','041-734-9001','null','',55,1969,'','국산차 제조','머리 쓰고 땀 흘리자','',''),(391,'nsb043','016432','강춘성','',1,1,1,13,'1997-01-10 00:00:00','㈜우성양행','은진면 안심로 259-5','041-741-7836',NULL,NULL,55,NULL,NULL,'동물의약품',NULL,NULL,NULL),(392,'nsb044','016432','유재완','',1,1,1,13,'1998-09-07 00:00:00','(주)대성FRP산업','광석면 천동리 278-41','041-734-2587',NULL,NULL,5,NULL,NULL,'FRP 물탱크',NULL,NULL,NULL),(393,'nsb045','016432','이범수','',1,1,1,30,'1999-03-04 00:00:00','㈜동우','상월면 백일헌로420-50','041-733-6200',NULL,NULL,25,NULL,NULL,'표면처리제품',NULL,NULL,NULL),(394,'nsb046','016432','고명호','',1,1,4,13,'2001-07-28 00:00:00','㈜이앤티','상월면 백일헌로420-49','041-733-3591',NULL,NULL,22,NULL,NULL,'단미 보조사료',NULL,NULL,NULL),(395,'nsb047','016432','장지호','',1,1,5,13,'2003-03-24 00:00:00','우전산업㈜','연산면 선비로 496','041-733-8041',NULL,NULL,17,NULL,NULL,'레미콘',NULL,NULL,NULL),(396,'nsb048','016432','이의중','',1,1,1,13,'2008-04-10 00:00:00','㈜우리황토','상월면 선비로 1043','041-734-7601',NULL,NULL,145,NULL,NULL,'황토침구. 의류',NULL,NULL,NULL),(397,'nsb049','016432','한금태','',1,1,1,13,'2008-04-11 00:00:00','삼영기계㈜','가야곡 가야공단길 24-21','041-741-4235',NULL,NULL,198,NULL,NULL,'엔진실린더',NULL,NULL,NULL),(398,'nsb050','016432','황창연','',1,1,1,13,'2008-12-18 00:00:00','유피씨㈜','노성면 논산평야로 1248','041-733-3208',NULL,NULL,248,NULL,NULL,'방제복 방제복원단',NULL,NULL,NULL),(399,'nsb051','016432','박형식','',1,1,1,13,'2009-04-07 00:00:00','한울타리영농조합','광석면 갈산길 279','041-733-3363',NULL,NULL,29,NULL,NULL,'축우용, TMR사료',NULL,NULL,NULL),(400,'nsb052','016432','김성식','',1,1,1,13,'2009-05-20 00:00:00','(유)삼각에프엠씨 웰빙랜드','연무읍 행정2길 44','041-742-0100',NULL,NULL,95,NULL,NULL,'오이피클, 음료',NULL,NULL,NULL),(401,'nsb053','016432','이창인','',1,1,1,13,'2009-06-24 00:00:00','㈜좋은마음','연무읍 연무로 757번길 24','041-742-8355',NULL,NULL,22,NULL,NULL,'편백나무, 생활건강제품',NULL,NULL,NULL),(402,'nsb054','016432','이은영','',1,1,2,13,'2009-07-09 00:00:00','㈜신화','연무읍 마봉로 79-20','041-742-9445',NULL,NULL,54,NULL,NULL,'알루미늄합금주물교량난간안전난간',NULL,NULL,NULL),(403,'nsb055','016432','권혜성','jmkim81@bokumjari.co.kr',1,1,5,13,'2010-05-19 00:00:00','㈜복음자리','성동산업단지로 3길 28','041-733-0962',NULL,NULL,65,NULL,NULL,'쨈, 차, 소스, 케찹',NULL,NULL,NULL),(404,'nsb056','016432','지춘근','',1,1,1,30,'2010-06-11 00:00:00','㈜프렉코','성동산업단지로2길 6 (인천광역시 부평구 부평북로)','041-732-7788',NULL,NULL,144,NULL,NULL,'핸드폰 힌지',NULL,NULL,NULL),(405,'nsb057','016432','노명호','',1,1,5,13,'2010-12-08 00:00:00','논산종합화물','논산시 해월로 109','041-733-8282',NULL,NULL,12,NULL,NULL,'화물운송',NULL,NULL,NULL),(406,'nsb058','016432','정길성','',1,1,1,30,'2011-01-03 00:00:00','㈜에스엠테크텍스','벌곡면 황룡재로 553-75','041-734-2511',NULL,NULL,51,NULL,NULL,'지오그리드 식생매트',NULL,NULL,NULL),(407,'nsb059','016432','송영철','',1,1,1,13,'2011-12-05 00:00:00','써니빌㈜','양촌면 이메길 231','041-741-3377',NULL,NULL,70,NULL,NULL,'열매류 식품가공',NULL,NULL,NULL),(408,'nsb060','016432','한광수','',1,1,7,13,'2011-07-28 00:00:00','극동젓갈발효식품','강경읍 계백로 154-6','1577-8816',NULL,NULL,10,NULL,NULL,'각종젓갈식품',NULL,NULL,NULL),(409,'nsb061','016432','이인행','',1,1,1,13,'2011-09-22 00:00:00','금성레미콘㈜','성동산업단지로 1길 85','041-732-8300',NULL,NULL,23,NULL,NULL,'레미콘',NULL,NULL,NULL),(410,'nsb062','016432','김연욱','',1,1,7,13,'2011-09-22 00:00:00','대신수산','논산시 대교동 109-23','041-736-2473',NULL,NULL,8,NULL,NULL,'수산물 가공',NULL,NULL,NULL),(411,'nsb063','016432','이관규','',1,1,7,13,'2012-04-26 00:00:00','㈜청해원','논산시 취암동 1089-3','041-736-2911',NULL,NULL,8,NULL,NULL,'건어물 건과류',NULL,NULL,NULL),(412,'nsb064','016432','김영래','',1,1,1,13,'2012-08-23 00:00:00','㈜한일세라믹(한일엔텍)','연무읍 황화로 107번지','041-741-9445',NULL,NULL,48,NULL,NULL,'점토 벽돌일체',NULL,NULL,NULL),(413,'nsb065','016432','임영봉','',1,1,5,13,'2012-08-23 00:00:00','논산계룡축협','논산시 시민로 194번길 1','041-730-2205','null','null',292,1957,'','','null','',''),(414,'nsb066','016432','권창주','',1,1,1,13,'2013-04-25 00:00:00','㈜부선물류','논산시 대림길5 상가동 101호','041-735-2292',NULL,NULL,18,NULL,NULL,'플라이 매쉬 물류',NULL,NULL,NULL),(415,'nsb067','016432','임병근','',1,1,1,13,'2013-08-29 00:00:00','㈜세건','성동면 성동로 523','041-735-5215',NULL,NULL,9,NULL,NULL,'복층유리, 주방기구',NULL,NULL,NULL),(416,'nsb068','016432','류상우','',1,1,1,13,'2013-11-28 00:00:00','㈜풍산FNS','은진면 득안대로 893','041-735-8788',NULL,NULL,144,NULL,NULL,'신관 및 센서 핵연료 집합체',NULL,NULL,NULL),(417,'nsb069','016432','박경식','',1,1,1,13,'2014-01-23 00:00:00','㈜비가림','연무읍 황화로 10-5','1661-3757',NULL,NULL,5,NULL,NULL,'금속구조물',NULL,NULL,NULL),(418,'nsb070','016432','박훈','',1,1,7,13,'2014-04-24 00:00:00','형제전기상사','강경읍 계백로 167번길 60','041-745-5470',NULL,NULL,5,NULL,NULL,'전기재료 공사자재',NULL,NULL,NULL),(419,'nsb071','016432','이연호','',1,1,1,13,'2015-04-23 00:00:00','(자)토성안전공사','논산시 은진면 교촌리 21','041-741-8820',NULL,NULL,10,NULL,NULL,'도로안전공사 및 시설',NULL,NULL,NULL),(420,'nsb072','016432','설동익','',1,1,2,13,'2015-04-23 00:00:00','씨지㈜','연무읍 안심로 220번길 45','041-742-5543',NULL,NULL,5,NULL,NULL,'전연접착제, 천연페인트',NULL,NULL,NULL),(421,'nsb073','016432','정성현','',1,1,5,13,'2015-08-27 00:00:00','㈜오엠알오','대전시 서구 둔산동 109번지 리베라 스위트빌 203호','042-486-0615',NULL,NULL,10,NULL,NULL,'소모성자재 구매대행',NULL,NULL,NULL),(422,'nsb074','016432','박광춘','',1,1,6,13,'2015-12-21 00:00:00','㈜동신산업','연무읍 동안로 950번길 63','041-742-3690','null','null당사는 LPG용기 검사기관으로.가스안전사고\n예방을 최우선으로 하는 기업입니다\n',16,1992,'','LPG용기재검사','null책임감과 협동심을 최우선으로 \n         단결하는 기업','t_422_1563434990914.jpg,t_422_1563435090479.jpg','t_422_1563435930220.jpg'),(423,'nsb075','016432','도양구','',1,1,1,13,'2016-04-28 00:00:00','㈜맛가마식품','연산면 임리 112-3','041-736-8600',NULL,NULL,15,NULL,NULL,'장류',NULL,NULL,NULL),(424,'nsb076','016432','박광춘','',1,1,5,13,'2016-12-01 00:00:00','㈜해오름물류','논산시 연무읍 동안로 1092','041-735-4055',NULL,NULL,10,NULL,NULL,'운수업',NULL,NULL,NULL),(425,'nsb077','016432','은희창','',1,1,7,13,'2016-12-01 00:00:00','내고향영농조합법인','논산시 강산길 84','041-732-3652',NULL,NULL,10,NULL,NULL,'농수산물 젓갈류',NULL,NULL,NULL),(426,'nsb078','016432','유재성','jsy@panaxetec.co.kr',1,1,1,13,'2017-02-01 00:00:00','파낙스이텍㈜','논산시 성동면 산업단지로 5길 45','041-732-1707',NULL,NULL,100,NULL,NULL,'리튬이차전지용 전해액 외',NULL,NULL,NULL),(427,'nsb079','016432','최병호','',1,1,1,30,'2017-02-01 00:00:00','㈜시그널','논산시 은진면 탑정로 490-8','041-736-1447',NULL,NULL,4,NULL,NULL,'LED조명,전기공사',NULL,NULL,NULL),(429,'nsb081','016432','박승호','ts-email@',1,1,2,13,'2017-04-01 00:00:00','㈜태승건설산업','가야곡면 매죽헌로 924-24','041-741-4999',NULL,NULL,14,NULL,NULL,'강구조물',NULL,NULL,NULL),(430,'nsb082','016432','김경철','sw6781@hanmail.net',1,1,1,13,'2017-04-01 00:00:00','㈜논산안전','논산시 계백로 742(등화동)','041-736-6781',NULL,NULL,12,NULL,NULL,'교통안전시설 및 공사',NULL,NULL,NULL),(431,'nsb083','016432','박진규','hit9230@hanmail.net',1,1,1,13,'2017-04-01 00:00:00','㈜한중타포린','논산시 연산면 황산벌로 1410','041-735-6900',NULL,NULL,40,NULL,NULL,'천막,농업용자재',NULL,NULL,NULL),(432,'nsb084','016432','장기정','zic8704@hanmail.net',1,1,1,13,'2017-04-01 00:00:00','대한상사','논산시 화지동 4-2','041-735-1123',NULL,NULL,6,NULL,NULL,'윤활유,액체연료',NULL,NULL,NULL),(433,'nsb085','016432','정영한','DAEVO8428@naver.COM',1,1,1,13,'2017-06-01 00:00:00','㈜대보상사','논산시 광석면 천동리 43-4','041-734-8428',NULL,NULL,5,NULL,NULL,'과일 유통',NULL,NULL,NULL),(434,'nsb086','016432','박계용','parkky2911@naver.com',1,1,1,13,'2017-06-01 00:00:00','㈜성은특수콘크리트','논산시 노성면 노성로 201','041-733-2626',NULL,NULL,21,NULL,NULL,'콘크리트 맨홀',NULL,NULL,NULL),(435,'nsb087','016432','송인희','xo0853@hanmail.net',1,1,1,13,'2017-06-01 00:00:00','㈜태호화학','논산시 은진면 토양리 240-10','041-742-0853',NULL,NULL,40,NULL,NULL,'스티로폼 제작',NULL,NULL,NULL),(436,'nsb088','016432','양승주','skengone@naver.com',1,1,1,13,'2017-08-01 00:00:00','에스케이이㈜','논산시 부적면 예학로 1길 217-9','041-734-0977','null','null',10,2013,'t_436_1563164218314.png,t_436_1563164229460.png','기계제작설치, 플랜트','null','t_436_1563164141568.png,t_436_1563164156567.png,t_436_1563164193088.png,t_436_1563164207586.jpg,t_436_1563164478767.jpg','t_436_1563164120735.png'),(437,'nsb089','016432','이근우','gunwool@naver.com',1,1,1,13,'2017-08-01 00:00:00','㈜보람씨앤에치','논산시 연산면 계백로 2354-21','041-735-8088',NULL,NULL,20,NULL,NULL,'여성용 위생용품',NULL,NULL,NULL),(438,'nsb090','016432','황인수','kycar@hanmail.net',1,1,1,13,'2017-08-01 00:00:00','㈜건양자동차운전전문학원','논산시 은진면 탑정로 332-22','041-742-7500',NULL,NULL,31,NULL,NULL,'운전교육학원',NULL,NULL,NULL),(440,'nsb092','016432','어덕환','',1,1,2,13,'2017-10-01 00:00:00','마루건축&컨설팅(임대업)','논산시 취암동 1060-15번지 1층','041-733-7877',NULL,NULL,5,NULL,NULL,'토공사, 인테리어,부동산컨설팅',NULL,NULL,NULL),(441,'nsb093','016432','한미영','',1,1,1,13,'2018-04-01 00:00:00','㈜한미식품','논산시 강경읍 농공단지로 8','041-745-1868',NULL,NULL,140,NULL,NULL,'식품(유부,젤리,곤약)',NULL,NULL,NULL),(442,'nsb094','016432','최긍규','pscofarm@naver.com',1,1,1,13,'2018-06-01 00:00:00','농업회사법인㈜피에스코팜','논산시 대학로 121. 406호 (내동 바이오센터)','041-735-9946',NULL,NULL,9,NULL,NULL,'양계 병아리',NULL,NULL,NULL),(443,'nsb095','016432','윤덕일','aceyun09@korea.com',1,1,5,13,'2018-06-01 00:00:00','기흥건축사무소','논산시 시민로 213 (2층)','041-735-3457',NULL,NULL,7,NULL,NULL,'건축설계 감리',NULL,NULL,NULL),(444,'nsb096','016432','황재만','hansupack@bill36524.com',1,1,1,13,'2018-08-01 00:00:00','㈜한수팩','논산시 연무읍 죽본1길 59','041-742-2100',NULL,NULL,50,NULL,NULL,'지함상자',NULL,NULL,NULL),(445,'nsb097','016432','박재경','topcps2817@naver.com',1,1,4,13,'2018-08-01 00:00:00','㈜씨피에스','논산시 가야곡면 매죽헌로 952','041-741-3557','null','null',14,2008,'','PE파이프 외 상하수도 부속자재','null','',''),(446,'nsb098','016432','김문수','Kkh4549@hanmail.net',1,1,1,13,'2018-12-18 00:00:00','㈜기흥금속','논산시 연무읍 동안로 1255-40','041-742-5874',NULL,NULL,45,NULL,NULL,'선철주물, 금속절삭가공기계',NULL,NULL,NULL),(447,'nsb100','016432','윤해중','fgaonfarm2017@naver.com',1,1,7,30,'2019-01-24 00:00:00','가온팜㈜','논산시 광석면 논산평야로 1086','041-732-2745',NULL,NULL,8,NULL,NULL,'동결건조(과일), 전문',NULL,NULL,NULL),(448,'nsb101','016432','최찬용','',1,1,5,12,'2008-08-25 00:00:00','공인회계세무사','논산시 시민로 210번길6','041-733-3511',NULL,NULL,5,NULL,NULL,'세무, 회계',NULL,NULL,NULL),(449,'nsb102','016432','김대영','',1,1,3,12,'2008-12-19 00:00:00','특허법인 도담','대전시 서구 둔산2동917  수협은행 404호 ','042-472-2722','blog.naver.com/charmjin707','지식재산에 대한 무료샹담\n국내외 지식재산권의 취득\n지식재산권 분쟁의 해결\n특허가치평가',7,2007,'','각종특허','처음처럼','t_449_1584498096872.jpg','t_449_1584498042477.jpg'),(450,'nsb103','016432','강근식','',1,1,5,12,'2011-04-04 00:00:00','세무법인 세교','논산시 강산동 661','041-736-2175',NULL,NULL,0,NULL,NULL,'세무, 회계',NULL,NULL,NULL),(451,'nsb104','016432','김충호','',1,1,5,12,'2012-02-23 00:00:00','기림특허법률사무소','대전시 유성구 테크노중앙로72  신대륙프라자 801호','042-671-0033',NULL,NULL,0,NULL,NULL,'각종특허',NULL,NULL,NULL),(452,'nsb105','016432','김형석(김성태)','',1,1,5,12,'2015-10-22 00:00:00','안세회계법인','서울시 영등포구 영등포로 84번길 41  안세빌딩','02-829-7555','null','null',300,2019,'','공인회계법인','null','',''),(454,'nsb107','016432','신용순','smile-manys@hanmail.net',1,1,5,12,'2018-02-01 00:00:00','신화노무법인. 인사노무자문','전주시 덕진구 건산로 242','063-247-1111','null','노무사 20년 활동 경력, 활동영역은 기업 인사노무자문, 해고, 산재, 임금, 컨설팅, 노동법강의, 급여대행.',5,2006,'','인사노무자문, 컨설팅, 해고, 산재, 임금, 교육,','첫마음 처럼','',''),(455,'nsb108','016432','주명복','jmbcta@hanmail.net',1,1,5,12,'2018-02-01 00:00:00','세무법인 송촌','논산시 논산대로 241번길 3-2','041-733-1354',NULL,NULL,14,NULL,NULL,'세무대리',NULL,NULL,NULL),(457,'nsbc2019','ns2019**','송기선','missisun@hanmsil.net',1,1,4,13,'2019-06-25 14:42:31','논산시기업인협의회','논산 시민로 213','041-736-7014','null','협회 실장입니다',0,2019,'t_457_1561530231651.jpg','null','null','t_457_1561530052238.jpg,t_457_1561530179981.jpg','t_457_1561550201655.jpg'),(459,'admin','ns2019**','송기선','missisun@hanmail.net',1,1,4,13,'2019-06-25 15:18:56',NULL,NULL,NULL,NULL,NULL,NULL,NULL,NULL,NULL,NULL,NULL,NULL),(460,'hhhwangbo','hbhh9#!#','황보형호','undefined',0,0,7,30,'2019-06-25 15:55:14',NULL,NULL,NULL,NULL,NULL,NULL,NULL,NULL,NULL,NULL,NULL,NULL),(461,'kukje1990','kukj3266','이경배','kukje1990@daum.net',1,1,1,13,'2019-06-25 19:19:21',NULL,NULL,NULL,NULL,NULL,NULL,NULL,NULL,NULL,NULL,NULL,NULL),(462,'nsb109','016432','정석채','',1,1,1,13,'2019-06-27 14:22:44','맥신식품',NULL,NULL,NULL,NULL,NULL,NULL,NULL,NULL,NULL,NULL,NULL),(463,'rede7901','hj@7455470','박훈','undefined',1,1,5,13,'2019-06-27 17:29:57',NULL,NULL,NULL,NULL,NULL,NULL,NULL,NULL,NULL,NULL,NULL,NULL),(464,'7sb042','62머3741','오뚜기','hak@ottogi.co.kr',1,1,1,13,'2019-07-10 17:32:29',NULL,NULL,NULL,NULL,NULL,NULL,NULL,NULL,NULL,NULL,NULL,NULL),(465,'ycg4862','as0907*','양철경 ','ycg4862@korea.kr',1,1,7,30,'2019-09-26 11:30:51',NULL,NULL,NULL,NULL,NULL,NULL,NULL,NULL,NULL,NULL,NULL,NULL),(466,'milligram','gudgml00','밀리그램','undefined',0,0,7,13,'2020-05-28 15:32:16','밀리그램','','','naver.com','null',0,2020,'t_466_1590681895605.jpg','테스트','null','t_466_1590681889092.jpg','t_466_1590681868312.jpg'),(467,'ydu3328','0000000','염동욱','undefined',0,0,6,30,'2020-06-24 10:20:06',NULL,NULL,NULL,NULL,NULL,NULL,NULL,NULL,NULL,NULL,NULL,NULL);
/*!40000 ALTER TABLE `user` ENABLE KEYS */;
UNLOCK TABLES;
/*!40103 SET TIME_ZONE=@OLD_TIME_ZONE */;

/*!40101 SET SQL_MODE=@OLD_SQL_MODE */;
/*!40014 SET FOREIGN_KEY_CHECKS=@OLD_FOREIGN_KEY_CHECKS */;
/*!40014 SET UNIQUE_CHECKS=@OLD_UNIQUE_CHECKS */;
/*!40101 SET CHARACTER_SET_CLIENT=@OLD_CHARACTER_SET_CLIENT */;
/*!40101 SET CHARACTER_SET_RESULTS=@OLD_CHARACTER_SET_RESULTS */;
/*!40101 SET COLLATION_CONNECTION=@OLD_COLLATION_CONNECTION */;
/*!40111 SET SQL_NOTES=@OLD_SQL_NOTES */;

-- Dump completed on 2021-02-18 14:01:20
